id	rate
74701	32.353
35546	66.667
55344	96.923
55345	96.364
55340	100.000
11542	91.111
60061	95.122
27281	100.000
6111	94.231
24715	100.000
44056	100.000
92658	83.333
48895	100.000
32303	78.652
61201	91.463
42450	83.333
1852	80.804
73069	89.024
1585	100.000
96150	94.595
27371	100.000
13601	100.000
93433	87.500
75949	80.000
60827	25.000
64870	90.476
60133	81.967
60131	82.609
19977	86.957
16701	80.000
17268	92.857
88023	50.000
80204	67.101
85323	64.865
11768	100.000
63935	100.000
96793	0.000
43502	87.500
20745	0.000
63848	100.000
52645	100.000
10701	82.903
63841	94.118
10707	84.000
31794	82.222
60002	92.593
60007	86.207
60005	93.578
22902	89.260
64050	91.753
70062	81.761
5001	100.000
46312	19.767
97204	85.399
80111	90.909
80110	90.278
45662	100.000
58854	100.000
11946	95.745
44240	97.619
48623	100.000
83871	100.000
1020	92.063
58078	92.683
38501	98.630
33076	57.576
38506	100.000
75052	78.899
8723	98.462
36028	0.000
85501	59.091
50619	100.000
53511	100.000
10566	83.333
48146	97.778
48141	80.769
70805	69.453
49781	100.000
24153	93.651
67037	93.333
48093	97.980
37318	100.000
45069	97.674
37310	100.000
13057	100.000
18701	96.386
18704	100.000
18708	100.000
78666	83.505
17970	100.000
94544	60.112
28562	83.333
95010	0.000
59103	97.842
79007	86.207
79009	0.000
27573	78.125
62249	100.000
87102	54.686
27576	86.957
8053	94.030
8050	97.826
40965	90.000
3777	100.000
68354	100.000
30253	82.194
34205	85.833
29810	66.667
7853	96.552
54871	100.000
76578	100.000
37643	100.000
29582	47.015
7675	100.000
72634	100.000
95301	92.308
84070	93.578
7076	84.091
76082	90.909
7981	100.000
50703	95.200
29108	71.875
2919	88.406
72123	100.000
72120	91.667
1930	96.610
72701	95.575
77575	72.222
75686	70.000
8873	74.440
8876	88.462
12834	100.000
30011	85.714
66538	100.000
92263	67.416
55113	91.667
15049	100.000
6854	73.714
55904	93.182
91206	59.574
35203	38.843
55337	97.297
7456	94.737
96094	100.000
6108	89.344
7450	90.244
6107	95.238
6103	64.744
7458	94.118
19380	100.000
66763	100.000
92648	54.592
55027	100.000
55021	100.000
24701	94.444
61231	100.000
24901	91.667
92880	63.946
74007	100.000
1840	76.316
35444	100.000
73078	100.000
1845	100.000
43460	100.000
81501	0.000
56131	100.000
60120	80.447
44136	98.529
64118	95.833
25438	92.308
2347	100.000
46016	85.455
46017	100.000
98584	62.500
6320	87.500
85335	82.500
64601	100.000
75845	100.000
51101	94.355
63051	0.000
63050	100.000
64029	95.455
48122	87.500
94015	63.303
60014	92.063
60016	92.553
21601	86.957
90255	28.125
90254	81.818
84119	87.500
16801	98.438
21286	85.474
57062	100.000
85608	11.765
4345	100.000
11975	85.246
33444	75.524
77803	84.783
1054	100.000
75061	83.333
54968	100.000
18840	100.000
60653	52.143
14892	100.000
48313	99.329
63873	100.000
99185	100.000
54981	100.000
78380	16.667
71832	100.000
78384	0.000
48428	100.000
38635	31.579
38762	0.000
37303	100.000
8401	70.968
76367	100.000
48047	100.000
28512	100.000
33756	81.385
79015	77.273
7712	51.190
29577	94.898
44430	85.714
44437	100.000
29802	83.146
30535	80.000
78017	0.000
49221	100.000
23510	74.335
76502	76.923
7666	63.441
8087	100.000
8080	91.781
7068	84.000
27601	82.540
7065	93.243
97123	89.764
7060	34.146
28428	92.593
28425	83.333
47512	100.000
2903	78.923
67202	81.388
30337	40.449
2904	96.825
31202	60.738
79701	72.571
23605	76.238
89801	91.154
77563	43.750
1902	84.270
79529	100.000
76180	94.393
7203	60.345
7201	62.577
7204	94.118
7205	65.625
55101	82.178
11021	84.615
50401	97.872
66087	100.000
61753	100.000
92251	11.111
95202	67.073
6820	96.078
6824	95.327
29601	81.818
74727	0.000
35216	92.477
35217	86.364
35213	94.231
52801	91.411
43215	86.371
72401	95.513
87901	60.000
50662	100.000
26038	100.000
50665	100.000
60938	100.000
4976	93.750
37927	92.840
61354	96.000
91502	71.053
55744	100.000
74859	100.000
55921	100.000
19341	100.000
19608	100.000
19355	84.211
16127	100.000
19601	88.690
6002	0.000
77586	86.207
2019	96.000
77581	74.468
97138	100.000
23860	80.952
43450	100.000
24605	94.118
32250	89.655
25601	100.000
60803	87.179
60804	54.967
98075	86.957
65453	100.000
64106	77.183
69357	75.000
60481	91.667
2330	100.000
2333	95.238
2332	96.774
74103	76.154
90802	53.535
75454	90.909
75455	83.333
55811	94.872
77630	86.047
52240	92.000
52241	97.059
43526	85.714
63042	95.652
75185	0.000
75180	89.189
53190	91.667
75189	86.667
79830	33.333
60068	79.630
80482	88.889
94005	45.455
49091	88.889
60060	96.154
64030	93.750
93901	60.135
60067	91.818
90241	50.980
90245	72.881
84107	94.521
85296	86.036
43140	100.000
26041	94.444
98284	100.000
42320	100.000
57701	93.519
46516	93.277
57301	100.000
37388	100.000
33180	0.000
75071	82.822
1040	76.471
21701	85.821
98848	87.500
83850	100.000
84074	87.879
60466	82.500
60461	52.632
84071	100.000
54971	100.000
85701	68.665
44138	100.000
48433	90.000
84655	100.000
40165	100.000
34950	64.220
48126	90.659
78469	49.024
18944	85.714
30439	53.846
50421	100.000
95758	73.643
8094	95.000
2465	90.370
44224	94.737
11963	100.000
29325	94.118
33458	84.112
71601	46.053
71171	84.314
30180	97.143
76374	83.333
27804	72.667
87124	57.600
94566	84.416
4401	97.561
45882	100.000
45661	100.000
83638	100.000
8079	78.947
30501	91.667
37201	84.948
8075	92.308
7834	100.000
8096	97.500
24543	85.271
30291	71.429
92401	61.004
8093	100.000
7052	81.111
7050	25.962
7055	33.333
7054	89.888
28348	79.487
28431	100.000
76179	0.000
29902	58.140
30344	34.188
83704	91.519
63114	28.571
79512	85.714
13850	100.000
76205	76.923
35044	91.667
1913	100.000
35040	92.308
27701	64.410
48933	78.836
89015	86.486
66094	71.429
59301	100.000
94585	77.273
72653	100.000
29630	77.778
79350	100.000
94583	79.310
29639	100.000
79358	100.000
61036	90.000
7306	64.330
47834	100.000
23707	74.286
92335	74.011
32802	63.536
27017	100.000
51058	100.000
32809	91.667
48843	100.000
74930	100.000
28655	93.103
55003	100.000
92623	72.727
92626	74.590
28658	95.455
22030	83.824
25701	97.087
65201	94.737
47305	98.058
19610	100.000
19611	91.667
6010	95.575
77002	42.871
73055	80.000
73052	50.000
43449	100.000
43440	100.000
16001	100.000
62901	89.855
25143	100.000
98124	75.331
16229	100.000
2324	100.000
75460	88.136
16226	100.000
46072	100.000
1468	90.000
77641	69.167
53094	100.000
42002	92.208
56201	100.000
43558	85.714
20716	39.286
32117	84.000
16823	100.000
60073	90.909
49080	100.000
49087	100.000
32118	96.875
49085	96.429
12110	98.113
48021	0.000
85281	78.261
56065	100.000
56069	100.000
52761	97.619
45323	100.000
45322	100.000
45324	100.000
68102	80.000
2780	96.117
75088	88.060
83843	94.118
75083	85.526
60473	68.750
75244	80.000
94103	52.317
36560	0.000
97477	93.651
12206	87.462
80012	84.853
44124	96.797
44122	50.000
44123	92.308
48118	100.000
53562	97.222
15317	100.000
68748	100.000
94611	78.947
63090	96.429
98942	71.429
6830	88.276
44231	100.000
2472	0.000
36104	56.439
84535	100.000
98241	40.000
67576	100.000
33881	81.013
60070	95.652
17901	100.000
14218	93.617
48067	95.312
48066	94.643
27835	75.691
49868	100.000
48069	100.000
24019	94.595
30514	85.714
30511	87.500
30513	100.000
99705	85.714
94804	48.649
62234	95.455
36610	35.897
40202	84.754
8330	95.745
7042	73.786
33950	90.625
15106	75.000
95354	74.654
39365	85.714
77902	77.551
79720	72.500
39564	89.744
58554	100.000
30601	81.092
30350	76.378
30354	75.000
34984	78.539
2920	95.205
28390	40.741
28398	61.538
3253	100.000
28716	100.000
28714	100.000
15033	75.000
92501	69.672
55124	86.000
55125	96.923
28086	90.625
35121	100.000
47220	100.000
35127	89.474
35124	0.000
2813	25.000
29624	0.000
6804	96.875
66044	87.075
66040	100.000
66043	76.471
73110	88.542
61021	92.857
98587	58.333
78540	5.738
47001	0.000
43231	100.000
15144	100.000
4950	100.000
93216	28.261
12449	100.000
75792	66.667
24590	100.000
74902	80.000
50511	100.000
35474	87.500
74058	80.000
61241	72.727
1890	97.368
32616	80.000
13642	100.000
78665	83.221
76834	100.000
64836	96.552
93101	78.571
43302	97.500
23804	55.455
55303	92.593
19029	100.000
35582	100.000
56472	66.667
32907	78.378
19020	97.872
75474	66.667
32727	88.889
16214	100.000
69336	100.000
56303	93.814
88063	5.263
12054	97.297
13502	93.548
46041	96.774
97068	96.154
98040	90.323
97062	100.000
64633	88.889
97064	100.000
60047	94.118
75652	91.429
60042	78.571
20878	78.323
52172	100.000
20707	78.462
19801	69.408
32127	90.909
16365	100.000
45402	88.596
1524	100.000
1520	100.000
29403	78.313
1529	91.912
61801	85.185
90266	81.034
46534	100.000
99559	69.231
62930	100.000
39818	84.091
95425	92.308
78148	62.069
60447	94.444
60446	89.831
84015	94.691
36572	85.714
70119	38.541
81003	70.811
90602	55.738
53959	100.000
80020	90.278
45244	87.500
80534	93.333
80537	86.667
54848	100.000
53227	96.032
44118	82.075
48104	82.759
53220	100.000
48455	100.000
44113	64.177
10528	93.220
94607	41.396
63080	100.000
98953	57.143
37355	94.118
39701	66.667
94608	67.647
1201	94.828
33432	86.869
70750	100.000
70754	100.000
33435	88.199
98003	80.992
68825	100.000
30161	87.500
12901	100.000
67544	100.000
14202	70.706
48076	88.372
48072	96.296
29720	81.081
30566	100.000
36606	66.174
37738	97.619
40143	100.000
68869	100.000
7030	63.492
7032	74.747
26003	97.500
7036	87.692
7039	95.588
40216	85.714
97222	97.297
30705	100.000
50211	100.000
15139	71.429
54025	100.000
45502	91.339
95340	69.737
24563	100.000
15136	90.909
31763	90.909
39553	92.500
21502	96.000
29385	100.000
34994	87.805
34996	100.000
60712	90.625
7960	85.394
31548	95.556
77338	83.929
3242	87.500
89030	67.183
3246	100.000
53233	62.903
48502	41.176
50324	84.615
14530	100.000
50450	100.000
72853	100.000
2860	90.780
6810	88.356
29650	90.741
91731	43.590
91950	56.322
77487	67.123
5482	100.000
77485	50.000
73102	85.313
32463	100.000
89106	77.215
38103	47.783
34601	92.308
55060	97.143
12477	95.652
82414	100.000
60950	94.118
35804	86.765
50525	100.000
1886	95.556
60302	67.925
32601	75.427
23832	88.445
32591	82.877
73034	93.103
56464	100.000
27102	80.686
56468	100.000
64801	89.189
50144	100.000
50140	75.000
65049	100.000
19030	96.078
75403	96.226
32043	73.684
56649	90.909
54935	97.059
75409	83.333
52361	100.000
46184	100.000
21740	96.809
2302	74.706
77465	63.636
97076	96.269
6360	91.667
31833	64.706
27216	89.516
56265	100.000
93003	75.200
60050	93.478
21863	85.714
60056	91.667
85390	86.667
32132	92.857
6614	75.758
23273	90.500
80631	90.141
64152	100.000
85132	80.000
46528	93.103
38802	81.000
13220	90.812
17403	100.000
17402	97.674
33404	60.714
15145	100.000
60459	83.019
90630	75.926
60453	95.413
33401	67.451
42754	100.000
80522	92.893
85003	76.558
53940	100.000
3874	100.000
39181	33.784
10532	85.824
10533	100.000
53545	97.000
85737	85.507
54236	100.000
54235	100.000
14052	93.333
14057	100.000
20110	79.167
78233	61.290
78232	45.455
71360	92.982
45342	100.000
80452	100.000
33154	48.000
44212	97.500
33156	29.167
2452	93.836
54656	94.118
54301	96.067
40047	100.000
3304	100.000
3301	100.000
27850	0.000
29730	78.676
30577	86.667
84603	96.040
7020	85.185
34292	93.333
7024	83.908
15946	100.000
76033	94.118
14302	92.258
28465	100.000
47807	97.727
38019	82.143
99613	80.000
94915	86.667
38017	94.792
99336	93.333
17963	100.000
67554	100.000
67550	100.000
78163	64.286
76258	100.000
3275	100.000
89027	97.143
31533	82.353
72201	68.539
30009	0.000
15010	88.889
92562	0.000
67330	100.000
7801	76.667
29648	92.727
39667	71.429
66202	96.552
72846	100.000
66206	91.803
29644	87.500
78768	69.157
66061	90.964
91942	83.582
89447	75.000
4938	100.000
14843	95.455
27028	94.737
48879	100.000
60077	76.190
73625	100.000
28602	88.785
28605	100.000
28604	100.000
74076	97.403
6519	52.405
6518	89.623
2056	100.000
4841	94.444
4843	0.000
19009	80.000
92701	46.154
65038	100.000
19007	96.825
22192	79.510
60201	60.123
32701	79.798
96097	100.000
32708	90.769
1430	100.000
77477	50.000
77471	68.116
43567	92.308
20186	68.182
92010	0.000
82601	96.970
27203	96.053
93940	0.000
53158	100.000
46737	100.000
98577	100.000
49503	87.629
78602	85.000
16301	100.000
60517	84.314
6220	8.511
6226	88.636
60194	94.783
98155	94.444
24216	100.000
85251	82.324
76708	80.242
85256	47.273
39834	100.000
70576	100.000
99574	83.333
21211	50.729
15219	100.000
95404	0.000
90621	71.429
80514	80.000
60420	100.000
84037	95.652
45631	100.000
43619	100.000
3867	98.182
14043	96.552
28134	92.105
10038	52.183
75126	95.833
54538	81.818
28546	85.000
33410	78.641
33414	87.692
54646	100.000
70404	88.312
14223	96.970
14224	96.970
27591	93.750
40059	87.500
14228	98.039
91007	73.134
18216	100.000
44003	100.000
30144	83.019
48017	94.118
44483	88.525
75086	83.235
30549	100.000
29706	52.381
37087	91.892
33705	78.229
18503	98.601
33707	80.000
41183	100.000
78357	16.667
33709	91.667
71222	80.000
78572	1.370
34286	95.098
7018	5.652
7016	91.304
47471	100.000
7012	82.014
78578	14.286
28472	87.500
39530	90.984
54005	100.000
18326	100.000
31702	24.500
38006	50.000
29419	80.769
33563	75.758
29410	85.185
47618	100.000
3264	100.000
40475	90.909
76240	90.000
40465	0.000
67456	100.000
91790	60.674
18032	100.000
30815	100.000
37868	98.148
66215	89.888
50309	88.611
29671	100.000
66213	87.600
62009	100.000
39440	70.909
74003	87.500
30720	96.053
38133	93.636
91711	63.158
91710	33.010
28072	100.000
79316	45.000
55449	98.276
62293	80.000
97146	100.000
23219	64.146
27055	100.000
87401	79.339
26501	100.000
48335	100.000
50010	86.792
39191	75.000
55044	98.077
8901	68.382
92376	56.250
66101	75.266
72947	66.667
66451	100.000
79553	71.429
95380	52.632
73010	91.667
73014	100.000
77040	74.074
74063	93.750
61101	83.588
34711	61.538
47129	100.000
32935	85.207
7740	72.152
65804	94.322
7746	98.485
19013	65.049
4856	100.000
54911	93.519
32444	93.103
32440	85.714
28103	75.000
29812	86.667
98368	100.000
56621	100.000
44121	94.737
81123	0.000
81125	33.333
32626	100.000
39654	83.333
74884	88.889
65793	100.000
10801	74.675
69343	75.000
96720	35.646
49046	100.000
47901	97.727
91761	64.000
75684	83.333
60505	81.882
85244	85.849
6238	100.000
42420	96.721
60181	81.081
17315	97.959
17319	93.750
60188	88.710
46710	100.000
46544	99.048
16407	100.000
75205	83.333
60085	68.310
75758	87.500
80501	94.161
36726	44.444
60432	84.100
91723	0.000
43604	73.411
53140	89.899
49461	100.000
45701	96.000
46947	100.000
17046	97.436
17043	100.000
1950	96.774
63565	100.000
17048	100.000
75115	66.667
75114	62.500
71309	77.707
85119	90.909
61364	100.000
33172	22.368
45365	97.222
54814	100.000
4101	95.652
33351	72.989
27874	85.714
41042	100.000
4105	100.000
4106	98.182
27870	91.667
44012	100.000
33602	69.287
45385	93.333
63366	99.048
53459	100.000
45380	100.000
20001	31.591
95678	0.000
1440	100.000
48875	100.000
24016	86.873
49862	100.000
2777	100.000
2721	95.089
33779	89.781
23187	85.714
8205	89.796
8204	95.833
8753	0.000
71055	100.000
84401	97.727
3077	100.000
3076	100.000
3079	96.774
7002	88.506
7003	77.600
7005	92.308
7006	96.154
48730	100.000
4074	100.000
28445	77.778
33915	90.698
4072	96.875
94939	82.222
31738	66.667
6770	92.727
30153	94.118
76655	80.000
27312	91.667
76657	77.778
76301	85.185
77305	91.071
59405	97.647
92543	72.414
3103	95.814
62016	100.000
91706	12.500
62012	100.000
91702	60.345
29063	83.333
47918	100.000
72043	50.000
31603	74.815
28590	72.222
47265	100.000
34471	81.818
74601	88.889
8201	92.000
2188	97.753
15068	100.000
48813	100.000
47283	100.000
51579	100.000
28621	100.000
71770	100.000
72956	95.349
35010	83.673
79235	50.000
31510	90.909
72958	77.778
73570	100.000
77055	83.333
66713	77.778
19460	90.909
19462	95.349
8807	93.333
12533	93.750
15210	90.000
60406	80.556
56431	100.000
7753	68.056
61063	100.000
62233	100.000
38921	40.000
32765	74.576
98370	93.750
17537	93.333
98009	84.831
99350	83.333
76902	73.099
97027	100.000
84542	100.000
98198	93.548
16148	100.000
27260	89.041
96001	0.000
19090	100.000
52404	96.040
64501	95.575
65583	100.000
1569	100.000
88130	65.000
46394	89.474
1566	100.000
93454	54.945
10901	85.437
82930	100.000
46402	35.652
65349	50.000
84114	87.850
46373	94.737
21230	71.795
45176	100.000
60154	100.000
7047	47.414
75215	53.565
60152	100.000
38852	88.889
60409	73.494
61938	100.000
74346	75.000
57104	94.397
53132	100.000
85345	84.409
85344	27.976
85346	44.444
54481	100.000
58102	100.000
53597	100.000
52627	100.000
49250	100.000
17050	100.000
49707	100.000
48386	96.040
71485	60.000
33166	61.905
33161	24.779
33162	37.500
75104	76.119
71334	23.077
78205	42.318
98290	94.118
27292	93.846
80401	88.636
41073	100.000
48036	96.386
33617	78.723
18235	100.000
44024	92.308
45390	100.000
45309	100.000
94704	56.213
83501	100.000
24060	95.161
71202	71.951
2719	100.000
37066	95.385
44444	100.000
3061	94.253
18301	95.745
30236	52.342
78550	19.403
19003	95.556
28451	73.077
33901	71.264
4005	97.826
95110	54.823
58722	100.000
67058	100.000
30127	89.286
37601	97.260
76642	88.889
28401	68.526
67052	91.667
7109	85.294
7108	25.125
11050	97.541
18015	82.381
18018	89.933
28052	88.824
62024	100.000
95076	51.471
17844	100.000
39465	100.000
77840	87.805
8360	78.986
72032	95.652
29501	74.576
88415	87.500
91910	59.903
47708	96.809
2882	100.000
2886	93.939
4901	100.000
48823	82.759
12439	50.000
7926	100.000
47635	100.000
67473	100.000
47639	100.000
35020	46.667
60523	87.500
35602	83.846
55734	100.000
19475	66.667
92803	64.545
72764	90.476
76230	86.667
8817	90.964
15221	88.889
32955	87.755
32958	94.286
7724	84.211
55424	98.000
28120	90.000
23669	65.836
74429	80.000
32771	66.129
23417	100.000
7506	100.000
6416	86.957
93422	89.655
93514	66.667
86336	79.167
7439	100.000
50613	95.238
92026	77.703
92020	86.607
48030	93.750
21043	76.786
17201	96.774
6051	85.714
42404	100.000
27320	85.417
32080	0.000
18232	83.333
57770	12.500
46143	96.552
17113	91.667
97501	97.000
46368	98.333
53051	96.491
60146	66.667
60411	71.605
60415	100.000
36702	25.000
53120	85.714
46701	100.000
53508	100.000
60099	82.609
85350	4.762
84088	97.938
96813	13.343
48624	100.000
14011	100.000
15037	100.000
17066	100.000
5443	100.000
46962	100.000
44702	83.688
60707	91.429
70523	78.571
46565	75.000
54619	100.000
70458	95.588
28081	95.062
54614	50.000
54616	100.000
99019	100.000
62701	92.181
45810	100.000
95618	71.667
75006	90.184
75002	71.429
24073	91.228
24141	91.667
80301	51.463
33025	47.917
33024	72.294
33021	31.588
54903	96.939
54017	93.333
8005	97.561
30224	79.348
71073	100.000
15767	100.000
39502	88.398
49935	100.000
29464	88.372
40828	75.000
71101	62.749
18222	100.000
30135	78.495
76670	33.333
67042	88.889
83203	30.000
7111	12.658
76108	96.970
76107	70.000
76458	100.000
30046	82.913
76102	69.175
33801	75.587
37064	86.667
72801	98.214
79322	100.000
27526	90.323
91766	51.656
28026	83.333
17857	100.000
62037	100.000
27529	85.484
75606	85.897
72024	80.000
29045	83.333
29511	90.090
34102	85.714
31401	62.007
79457	79.146
98569	100.000
12428	63.636
93721	54.808
7603	68.750
48836	100.000
7601	75.221
50579	100.000
67460	90.000
7931	100.000
89883	100.000
35611	93.478
28804	92.857
28802	88.325
6088	100.000
92832	66.667
95822	75.238
18201	97.297
93612	73.333
98409	85.227
34741	60.938
19047	100.000
19046	100.000
82001	93.269
19044	92.105
94550	87.952
15233	84.347
38301	72.350
92231	8.571
25330	90.741
6460	94.545
7424	92.000
2142	77.338
2143	82.400
86322	64.474
2148	87.850
2149	95.604
35976	100.000
92054	74.384
60552	80.000
94080	50.000
63601	100.000
94086	69.347
32347	90.909
74834	100.000
45214	66.126
12180	94.697
97754	87.500
90401	50.244
98201	88.660
32744	100.000
10924	100.000
8002	92.481
27330	91.139
56362	100.000
60033	93.750
69138	100.000
55374	93.333
98225	89.908
21784	100.000
46601	82.143
49120	100.000
60172	93.548
56387	100.000
60176	90.909
2557	86.667
75766	87.097
75501	94.565
14009	100.000
63556	80.000
20781	83.333
20785	54.565
49721	100.000
75166	85.714
84765	100.000
45150	97.436
62959	93.333
70535	86.842
41011	93.513
54603	100.000
33324	74.390
41016	100.000
49837	100.000
39652	16.667
49341	100.000
11980	88.523
71263	100.000
75013	83.898
98272	93.548
10601	66.667
3287	100.000
37043	84.249
33030	43.137
4240	98.795
44460	0.000
53014	100.000
4021	90.909
8016	82.051
71006	50.000
58702	98.462
37620	92.647
27402	75.797
49908	58.333
44515	91.429
44514	100.000
97116	96.429
30456	75.000
30677	85.714
76448	77.778
47547	100.000
39401	59.504
95050	72.263
71483	63.636
7067	95.122
45246	91.667
37824	100.000
28036	70.588
27530	0.000
62040	100.000
94501	66.667
76063	93.333
37130	84.018
83651	95.614
76065	96.000
72015	98.276
39130	75.676
89434	0.000
51503	94.690
18101	89.671
55309	100.000
7632	92.308
7631	44.156
85629	60.465
19027	95.833
28053	90.441
30075	88.060
30072	0.000
72901	79.268
23322	79.670
73502	40.000
73501	0.000
6095	67.347
89502	15.625
72741	83.333
31093	94.175
19106	56.715
86001	87.931
76004	65.217
19053	100.000
55391	91.667
12566	100.000
66030	96.154
35974	100.000
35752	100.000
22304	68.489
32401	88.889
61701	95.349
92225	63.636
35978	100.000
95901	100.000
6385	95.745
79604	89.005
55372	100.000
55379	97.872
38916	60.000
88210	43.750
23434	73.889
56573	100.000
7410	94.643
7419	100.000
93063	87.705
92821	72.131
61410	100.000
60940	100.000
60543	91.667
19526	100.000
98033	94.737
98032	87.023
1803	96.667
1801	97.297
60633	55.556
75571	100.000
99929	71.429
6074	92.308
85201	79.974
32750	77.500
56379	100.000
64735	100.000
96161	0.000
98328	100.000
98258	91.304
56001	90.196
60169	92.473
60164	77.500
78557	3.846
60160	79.452
85374	84.553
90503	65.315
42261	100.000
96766	18.750
81650	80.952
29072	80.851
64086	95.349
64085	100.000
97367	85.714
81301	80.000
97361	100.000
45239	100.000
45237	100.000
1701	97.143
49228	100.000
1702	89.167
64060	92.308
41051	100.000
46901	94.340
63011	100.000
47331	88.462
33139	26.064
33138	65.714
33134	48.571
38462	91.667
53074	100.000
71422	100.000
42602	100.000
90210	70.690
46581	94.444
45050	100.000
41001	100.000
95630	91.781
93401	91.228
29201	66.223
29206	92.593
68508	94.190
63129	93.878
37055	89.130
75021	88.889
97850	88.235
68434	100.000
63121	83.333
75029	82.270
63122	98.246
44618	0.000
63124	89.286
62837	100.000
2762	100.000
10598	94.545
62839	100.000
36502	69.388
75650	80.000
8530	100.000
41139	100.000
48174	85.714
48176	100.000
48170	100.000
14614	74.696
29440	67.742
87020	46.667
38676	50.000
38671	86.111
76262	93.333
33317	86.228
44503	74.667
33313	60.000
33312	70.303
44054	76.923
30112	93.651
31799	83.636
40359	100.000
47553	100.000
24201	96.154
35989	100.000
18062	100.000
54140	93.333
37831	91.803
18067	100.000
27502	94.828
44141	100.000
27504	92.308
28557	79.487
28001	93.750
78504	4.151
1230	100.000
79101	84.661
18519	100.000
72007	100.000
76541	0.000
7621	66.667
78102	30.435
3561	100.000
44875	100.000
38257	33.333
38255	100.000
92102	65.647
30060	87.162
29150	64.356
77521	70.213
23336	100.000
22201	74.309
74960	61.538
34769	77.922
47374	97.222
47373	100.000
47371	100.000
7719	60.000
1945	100.000
72753	90.909
50131	100.000
51401	100.000
8846	100.000
35740	100.000
95932	88.889
55415	79.762
19083	95.714
73401	87.037
16057	100.000
61571	100.000
16501	96.532
86303	94.118
61081	92.000
2169	97.396
51247	100.000
73533	93.333
39120	29.787
65704	100.000
2830	100.000
98022	93.750
1830	94.937
42064	100.000
55964	100.000
32324	90.000
6040	90.756
64083	100.000
44094	90.476
77702	77.866
10940	86.957
15229	100.000
69153	100.000
94533	74.138
36266	87.500
79903	18.932
75702	89.305
2575	88.889
85301	80.000
55748	100.000
88001	34.659
80226	88.168
80229	84.375
64098	60.000
93301	75.000
61350	97.059
81647	100.000
43078	94.737
49031	60.000
36863	78.571
53713	100.000
48617	83.333
14227	96.774
75633	81.250
75146	72.340
75147	100.000
17010	100.000
99260	92.336
17016	100.000
33128	10.531
36460	56.522
64067	100.000
54847	100.000
75154	66.667
5060	100.000
97223	88.235
12144	100.000
80134	96.667
90201	39.541
85635	85.075
75098	83.333
33496	85.714
22026	62.500
45042	89.333
44266	95.455
45828	100.000
71646	80.000
46803	82.448
17701	100.000
84321	96.774
33016	0.000
8701	76.923
33013	10.274
75034	88.889
63131	95.238
1002	80.851
37660	0.000
36048	75.000
70602	82.796
48180	98.551
48183	96.774
48184	89.286
48185	94.667
41101	100.000
10549	68.966
53538	94.737
49969	75.000
38668	51.852
29306	72.131
67356	100.000
71730	88.235
18052	97.727
37801	93.878
30303	39.957
44081	66.667
62060	90.909
28782	62.500
54151	100.000
44089	100.000
27514	84.483
28012	87.879
94520	75.510
27510	84.615
27512	89.444
29831	100.000
1223	100.000
78041	2.041
76040	87.356
67124	100.000
91786	80.597
53956	100.000
76557	100.000
56551	100.000
7657	93.103
7656	100.000
6702	80.216
35173	83.333
45240	77.778
7095	84.896
7094	77.778
7093	24.000
15461	100.000
40507	88.911
98661	83.333
14424	100.000
45243	100.000
28301	71.907
24504	89.759
3087	100.000
70502	82.645
76135	84.615
72104	90.000
77957	88.889
77551	0.000
77422	71.429
31328	100.000
77554	40.000
66743	100.000
53226	95.402
87556	0.000
47348	100.000
12549	100.000
15064	100.000
39205	14.376
92201	60.317
73446	81.818
8852	90.411
8857	100.000
35953	100.000
35950	100.000
38330	66.667
34689	83.333
6451	86.667
6905	86.800
6457	90.000
32202	76.038
19720	87.225
11550	54.167
12601	93.548
12603	95.062
23456	84.286
2118	65.488
7470	93.103
92842	65.359
73521	87.500
19438	94.118
93245	77.778
65712	100.000
65714	100.000
65240	100.000
60567	91.667
32332	28.571
7505	43.562
2026	100.000
23851	83.333
46107	100.000
98499	0.000
32177	81.818
7508	94.444
10956	92.025
26302	84.810
99301	82.192
46320	0.000
21911	80.000
60108	86.667
60103	90.909
60101	87.302
60106	78.125
65401	94.595
60104	37.500
2367	100.000
2360	99.010
43064	93.443
43065	100.000
42041	100.000
97301	94.086
46032	91.589
62523	95.732
52655	100.000
85539	30.000
45217	100.000
48375	96.825
46259	83.449
60034	100.000
60035	87.719
68005	94.565
60031	95.000
92683	77.011
63037	100.000
73648	100.000
10591	76.326
10607	66.087
98271	40.741
98270	94.000
90232	51.546
80124	89.362
54893	100.000
90012	35.323
2445	83.846
85621	3.704
14127	100.000
85122	69.231
44273	100.000
33462	75.000
48197	92.308
63105	87.470
63103	64.618
2740	75.185
33063	81.905
33065	82.266
48226	33.056
1030	93.478
2767	100.000
90301	38.506
36527	100.000
15722	100.000
84660	100.000
84663	96.296
53525	100.000
87004	23.810
10550	50.952
48154	97.581
80903	82.097
1106	100.000
1105	63.573
93654	63.333
48081	98.810
8609	59.829
48084	0.000
44070	97.619
37324	100.000
70381	79.412
44076	100.000
18040	95.652
11501	88.453
18049	100.000
71720	100.000
44308	80.340
91016	55.556
94537	71.930
44092	100.000
97034	0.000
95008	80.488
47978	90.909
29550	69.697
29555	100.000
47408	92.857
8515	90.000
91101	38.938
8512	100.000
30264	86.111
30269	84.127
7866	100.000
7865	100.000
7648	100.000
35161	87.500
7083	82.963
7087	23.077
53558	100.000
44890	100.000
38225	100.000
72114	89.674
30084	38.814
66603	87.132
1921	100.000
6604	57.576
12550	84.000
8861	41.228
72730	90.000
13827	100.000
8869	100.000
68310	100.000
14731	100.000
38342	83.333
28202	77.123
